Region,Macro_Score,Policy_Score,Earnings_Score,AI_Score,Macro_Score_Scaled,Macro_Score_Present,Policy_Score_Scaled,Policy_Score_Present,Earnings_Score_Scaled,Earnings_Score_Present,AI_Score_Scaled,AI_Score_Present,Coverage,Coverage_Ratio,Composite_Score,Composite_Score_Adjusted,Rank,Trade_Action
LatAm,,,18.7088,13.3091,0.5,0,0.5,0,1.0,1,1.0,1,2,0.5,0.75,0.625,1,Long
Europe,,0.09133333333333334,,,0.5,0,1.0,1,0.5,0,0.5,0,1,0.25,0.625,0.53125,2,Neutral
UK,,-0.109,,,0.5,0,0.0,1,0.5,0,0.5,0,1,0.25,0.375,0.46875,3,Neutral
US,,-0.034999999999999996,7.0355,5.4298,0.5,0,0.3693843594009984,1,0.13499073731011485,1,0.19262849413886385,1,3,0.75,0.2992508977124943,0.3494381732843707,4,Neutral
Japan,,-0.040499999999999994,5.2138,3.5499,0.5,0,0.3419301164725458,1,0.0,1,0.0,1,3,0.75,0.21048252911813645,0.2828618968386023,5,Short
