Region,Policy_Score,Macro_Score,Earnings_Score,AI_Score,Policy_Score_Z,Macro_Score_Z,Earnings_Score_Z,AI_Score_Z,Composite_Score,Rank,Trade_Action
LatAm,,,18.7088,13.3091,0.0,0.0,1.4032293379786323,1.3907160219911587,0.6984863399924477,1,Long
Europe,0.09133333333333334,,,,1.5850721986704999,0.0,0.0,0.0,0.39626804966762497,2,Neutral
US,-0.034999999999999996,,7.0355,5.4298,-0.1619066840517668,0.0,-0.5492645171120134,-0.4730255805388077,-0.296049195425647,3,Neutral
UK,-0.109,,,,-1.1852030216885563,0.0,0.0,0.0,-0.2963007554221391,4,Neutral
Japan,-0.040499999999999994,,5.2138,3.5499,-0.23796249293017682,0.0,-0.8539648208666183,-0.9176904414523513,-0.5024044388122866,5,Short
