Region,Macro_Score,Policy_Score,Earnings_Score,AI_Score,Macro_Score_Scaled,Macro_Score_Present,Policy_Score_Scaled,Policy_Score_Present,Earnings_Score_Scaled,Earnings_Score_Present,AI_Score_Scaled,AI_Score_Present,Coverage,Coverage_Ratio,Composite_Score,Composite_Score_Adjusted,Rank,Trade_Action
LatAm,,,18.7088,13.3091,50.0,0,50.0,0,100.0,1,100.0,1,2,0.5,75.0,62.5,1,Long
Europe,,0.09133333333333334,,,50.0,0,100.0,1,50.0,0,50.0,0,1,0.25,62.5,53.125,2,Neutral
UK,,-0.109,,,50.0,0,0.0,1,50.0,0,50.0,0,1,0.25,37.5,46.875,3,Neutral
US,,-0.034999999999999996,7.0355,5.4298,50.0,0,36.938435940099836,1,13.499073731011485,1,19.262849413886386,1,3,0.75,29.925089771249425,34.94381732843707,4,Neutral
Japan,,-0.040499999999999994,5.2138,3.5499,50.0,0,34.19301164725458,1,0.0,1,0.0,1,3,0.75,21.048252911813645,28.286189683860233,5,Short
